{
    "means": {
        "Arithmancy": 49634.57024265645,
        "Astronomy": 39.79713089016475,
        "Herbology": 1.1410195296768044,
        "Defense Against the Dark Arts": -0.3878634974417863,
        "Divination": 3.153909673286355,
        "Muggle Studies": -224.58991486346417,
        "Ancient Runes": 495.74797005915786,
        "History of Magic": 2.963094615116594,
        "Transfiguration": 1030.0969463871304,
        "Potions": 5.95037299278009,
        "Care of Magical Creatures": -0.0534271367004963,
        "Charms": -243.3744090125,
        "Flying": 21.9580125
    },
    "stds": {
        "Arithmancy": 16501.51943059509,
        "Astronomy": 515.0657196248314,
        "Herbology": 5.16553955657155,
        "Defense Against the Dark Arts": 5.162015873475544,
        "Divination": 4.104313679917073,
        "Muggle Studies": 480.9926662154275,
        "Ancient Runes": 105.11550760219578,
        "History of Magic": 4.3658605718039025,
        "Transfiguration": 43.653472666327566,
        "Potions": 3.1181848395352114,
        "Care of Magical Creatures": 0.95922920574659,
        "Charms": 8.783639876017117,
        "Flying": 97.63160206806158
    }
}