{
    "weights": {
        "Ravenclaw": [
            -2.174029681042551,
            0.22177889963489716,
            -0.7152375111527013,
            0.5377466404074422,
            0.7164044202190331,
            0.3399711715463087,
            1.1727079845704818,
            0.9742176508647862,
            0.059951061932550745,
            0.025468523236884786,
            -0.010036291777251448,
            0.04585047853368848,
            1.0249168093727887,
            0.0684411721642634
        ],
        "Slytherin": [
            -2.9407269586359077,
            -0.011694342333547637,
            -0.6855604857093296,
            -0.8040213123342512,
            0.6958125112853952,
            -1.44820227718173,
            -0.34558293259925543,
            -0.5940516985218848,
            -0.010693945461490792,
            0.3273934341579431,
            0.5436992757596836,
            -0.05976419267083151,
            -0.6560097480965396,
            -0.48524924194725766
        ],
        "Gryffindor": [
            -2.693929146918449,
            -0.35108685183516775,
            0.15622290253708995,
            -0.956328850924066,
            -0.14676677249409287,
            0.4510199368590702,
            -0.07238811504934055,
            0.830994104820307,
            -0.75104411567855,
            -0.9598586145611238,
            -0.15853815269953173,
            0.004673102577297269,
            -0.3381724737075326,
            0.8387182424909869
        ],
        "Hufflepuff": [
            -1.794250308417405,
            0.16379127771931307,
            1.260384739938998,
            1.270564370943511,
            -1.2907550130428087,
            0.5738585566481169,
            -0.8091112011313016,
            -1.3406359556703837,
            0.7590358947012847,
            0.6761555974509728,
            -0.347605822955716,
            -0.019688548041725422,
            -0.08102176931245943,
            -0.5080795255862929
        ]
    }
}